benchmark,duration_ns,uptime_ns,vm_start_unix_ms
future-genetic,1591016625,274740053,1710912688443
future-genetic,1238719273,1877435169,1710912688443
future-genetic,1198614262,3121546601,1710912688443
future-genetic,1185365599,4326695918,1710912688443
future-genetic,1200434266,5520754475,1710912688443
future-genetic,1133837614,6726341458,1710912688443
future-genetic,1141926062,7865299864,1710912688443
future-genetic,1158755948,9012380521,1710912688443
future-genetic,1108211719,10176691293,1710912688443
future-genetic,1111308153,11295710409,1710912688443
future-genetic,1151886951,12412360914,1710912688443
future-genetic,1057175931,13569504616,1710912688443
future-genetic,1061602538,14631863235,1710912688443
future-genetic,1065625787,15698698707,1710912688443
future-genetic,1097183131,16769479240,1710912688443
future-genetic,1055558591,17871598866,1710912688443
future-genetic,1058753311,18932196418,1710912688443
future-genetic,1061644956,19996201942,1710912688443
future-genetic,1058154138,21062884846,1710912688443
future-genetic,1061819705,22126199122,1710912688443
future-genetic,1058212233,23193147908,1710912688443
future-genetic,1055625062,24256429607,1710912688443
future-genetic,1100698690,25317136306,1710912688443
future-genetic,1055379221,26423007882,1710912688443
future-genetic,1050698668,27483705365,1710912688443
future-genetic,1056990417,28539607494,1710912688443
future-genetic,1052187802,29601676604,1710912688443
future-genetic,1051981854,30659098747,1710912688443
future-genetic,1053599409,31716087058,1710912688443
future-genetic,1052910187,32774675274,1710912688443
future-genetic,1049458051,33832596824,1710912688443
future-genetic,1055844359,34887162983,1710912688443
future-genetic,1050829094,35948167744,1710912688443
future-genetic,1052600660,37004128057,1710912688443
future-genetic,1053553627,38061729371,1710912688443
future-genetic,1051733677,39120257857,1710912688443
future-genetic,1045305461,40177022909,1710912688443
future-genetic,1042824238,41227444699,1710912688443
future-genetic,1049202432,42275375463,1710912688443
future-genetic,1043261230,43329656732,1710912688443
future-genetic,1045344288,44378030540,1710912688443
future-genetic,1045457214,45428413609,1710912688443
future-genetic,1043244097,46478987469,1710912688443
future-genetic,1049066379,47527514989,1710912688443
future-genetic,1051138198,48581587661,1710912688443
future-genetic,1044954855,49637706759,1710912688443
future-genetic,1043494846,50687727931,1710912688443
future-genetic,1045116468,51736219411,1710912688443
future-genetic,1043909205,52786362411,1710912688443
future-genetic,1041424084,53835507046,1710912688443
